key,title,year,month,day,journal,issn,volume,issue,pages,authors,url,language,publisher,location,abstract,notes
27333834,Intracranial Hypotension as A Rare Complication of Vertebroplasty: A Case Report.,2015,1,1,Acta neurologica Taiwanica,1028-768X,24,,97-101,"Chen, Yen-Wen and Tseng, Ping-Tao and Tsui, Huan-Wen and Hsu, Shih-Pin and Kuo, Hung-Chang",https://www.ncbi.nlm.nih.gov/pubmed/27333834,eng,,,," RAYYAN-INCLUSION: {""Pavel""=>false, ""Наташа ""=>false} | RAYYAN-EXCLUSION-REASONS: background article,wrong study design"
15973618,[Complications after vertebroplasty and kyphoplasty--cement emboli recognized on typical radiographic images].,2005,1,1,RoFo : Fortschritte auf dem Gebiete der Rontgenstrahlen und der Nuklearmedizin,1438-9010,177,7,934,"",https://www.ncbi.nlm.nih.gov/pubmed/15973618,ger,,,," RAYYAN-INCLUSION: {""Pavel""=>false, ""Наташа ""=>false} | RAYYAN-EXCLUSION-REASONS: foreign language,background article"
16721284,Intradural cement leakage: a devastatingly rare complication of vertebroplasty.,2006,1,20,Spine,,31,12,E379-82,"Chen, Yen-Jen and Tan, Tai-Sheng and Chen, Wen-Hsien and Chen, Clayton Chi-Chang and Lee, Tu-Sheng",https://www.ncbi.nlm.nih.gov/pubmed/16721284,eng,,,," RAYYAN-INCLUSION: {""Pavel""=>false, ""Наташа ""=>false} | RAYYAN-EXCLUSION-REASONS: background article,wrong study design"
18509588,Intradural cement leakage: a rare complication of percutaneous vertebroplasty.,2008,1,1,Acta neurochirurgica,0942-0940,150,8,811-5,"Sabuncuoğlu, H and Dinçer, D and Güçlü, B and Erdoğan, E and Hatipoğlu, H G and Ozdoğan, S and Timurkaynak, E",https://www.ncbi.nlm.nih.gov/pubmed/18509588,eng,,,," RAYYAN-INCLUSION: {""Pavel""=>false, ""Наташа ""=>false} | RAYYAN-EXCLUSION-REASONS: background article,wrong study design"
25703775,Short-segment posterior instrumentation combined with calcium sulfate cement vertebroplasty for thoracolumbar compression fractures: radiographic outcomes including nonunion and other complications.,2015,1,1,"Orthopaedics & traumatology, surgery & research : OTSR",1877-0568,101,2,227-33,"Bu, B X and Wang, M J and Liu, W F and Wang, Y S and Tan, H L",https://www.ncbi.nlm.nih.gov/pubmed/25703775,eng,,,," RAYYAN-INCLUSION: {""Pavel""=>false, ""Наташа ""=>false} | RAYYAN-EXCLUSION-REASONS: wrong drug,wrong population"
22009645,Comparison of vertebroplasty and kyphoplasty for complications.,2011,1,1,Orthopaedic surgery,,3,3,158-60,"Zhang, Ji-dong and Poffyn, Bart and Sys, Gwen and Uyttendaele, Dirk",https://www.ncbi.nlm.nih.gov/pubmed/22009645,eng,,,," RAYYAN-INCLUSION: {""Pavel""=>false, ""Наташа ""=>true} | RAYYAN-EXCLUSION-REASONS: background article"
19101319,Cardiac tamponade and pulmonary embolism as a complication of percutaneous vertebroplasty.,2009,1,1,The Annals of thoracic surgery,1552-6259,87,1,299-301,"Caynak, Baris and Onan, Burak and Sagbas, Ertan and Duran, Cihan and Akpinar, Belhhan",https://www.ncbi.nlm.nih.gov/pubmed/19101319,eng,,,," RAYYAN-INCLUSION: {""Pavel""=>false, ""Наташа ""=>false} | RAYYAN-EXCLUSION-REASONS: background article,wrong population"
17396256,Aortic embolism of cement: a rare complication of lumbar percutaneous vertebroplasty.,2007,1,1,Skeletal radiology,1432-2161,36,7,685-7,"Amoretti, Nicolas and Hovorka, Istvan and Marcy, Pierre-Yves and Grimaud, Anne and Brunner, Philippe and Bruneton, Jean-Noel",https://www.ncbi.nlm.nih.gov/pubmed/17396256,eng,,,," RAYYAN-INCLUSION: {""Pavel""=>false, ""Наташа ""=>false} | RAYYAN-EXCLUSION-REASONS: background article,wrong population"
14747909,[Complications of vertebroplasty].,2004,1,1,Der Orthopade,1433-0431,33,1,40-7,"Rauschmann, M A and von Stechow, D and Thomann, K-D and Scale, D",https://www.ncbi.nlm.nih.gov/pubmed/14747909,ger,,,," RAYYAN-INCLUSION: {""Pavel""=>false, ""Наташа ""=>false} | RAYYAN-EXCLUSION-REASONS: background article,wrong study design"
12677514,[Pelvic and leg venous thrombosis as a complication of percutaneous vertebroplasty].,2003,1,1,RoFo : Fortschritte auf dem Gebiete der Rontgenstrahlen und der Nuklearmedizin,1438-9010,175,4,565-6,"Kraus, Günther J and Achatz, Wolfgang and Görzer, Harald G",https://www.ncbi.nlm.nih.gov/pubmed/12677514,ger,,,," RAYYAN-INCLUSION: {""Pavel""=>false, ""Наташа ""=>false} | RAYYAN-EXCLUSION-REASONS: foreign language,background article"
24989933,Comparing complications of vertebroplasty and kyphoplasty for treating osteoporotic vertebral compression fractures: a meta-analysis of the randomized and non-randomized controlled studies.,2015,1,1,European journal of orthopaedic surgery & traumatology : orthopedie traumatologie,1633-8065,25,,S77-85,"Xiao, Haixiang and Yang, Jiandong and Feng, Xinming and Chen, Pengtao and Li, Yinan and Huang, Cheng and Liang, Yuan and Chen, Hongzhou",https://www.ncbi.nlm.nih.gov/pubmed/24989933,eng,,,," RAYYAN-INCLUSION: {""Pavel""=>false, ""Наташа ""=>true} | RAYYAN-EXCLUSION-REASONS: wrong study design"
21494814,"[Kyphoplasty and vertebroplasty. Indications, techniques, complications and results].",2011,1,1,Der Unfallchirurg,1433-044X,114,5,431-40; quiz 41-2,"Schmidt-Rohlfing, B and Reilmann, H and Pfeifer, R and Kobbe, P and Pape, H C",https://www.ncbi.nlm.nih.gov/pubmed/21494814,ger,,,," RAYYAN-INCLUSION: {""Pavel""=>false, ""Наташа ""=>false} | RAYYAN-EXCLUSION-REASONS: background article,wrong study design"
21289575,The volumetric analysis of cement in vertebroplasty: relationship with clinical outcome and complications.,2011,1,20,Spine,,36,12,E761-72,"Jin, Yong Jun and Yoon, Sang Hoon and Park, Kun-Woo and Chung, Sang Ki and Kim, Ki-Jeong and Yeom, Jin Sup and Kim, Hyun-Jib",https://www.ncbi.nlm.nih.gov/pubmed/21289575,eng,,,," RAYYAN-INCLUSION: {""Pavel""=>false, ""Наташа ""=>false} | RAYYAN-EXCLUSION-REASONS: wrong study design"
17906564,Local metastases along the tract of needle: a rare complication of vertebroplasty in treating spinal metastases.,2007,1,1,Spine,,32,21,E615-8,"Chen, Yen-Jen and Chang, Gee-Chen and Chen, Wen-Hsien and Hsu, Horng-Chaung and Lee, Tu-Sheng",https://www.ncbi.nlm.nih.gov/pubmed/17906564,eng,,,," RAYYAN-INCLUSION: {""Pavel""=>false, ""Наташа ""=>false} | RAYYAN-EXCLUSION-REASONS: background article,wrong study design"
19811750,[Percutaneous vertebroplasty with only few complications--a retrospective study].,2009,1,21,Ugeskrift for laeger,,171,39,2808-11,"Rousing, Rikke and Andersen, Mikkel Ø and Jespersen, Stig M and Thomsen, Karsten",https://www.ncbi.nlm.nih.gov/pubmed/19811750,dan,,,," RAYYAN-INCLUSION: {""Pavel""=>false, ""Наташа ""=>true} | RAYYAN-EXCLUSION-REASONS: wrong study design"
15856808,Complications of percutaneous vertebroplasty and their prevention.,2005,1,1,"Seminars in ultrasound, CT, and MR",1558-5034,26,2,65-80,"Laredo, Jean-Denis and Hamze, Bassam",https://www.ncbi.nlm.nih.gov/pubmed/15856808,eng,,,," RAYYAN-INCLUSION: {""Pavel""=>false, ""Наташа ""=>false} | RAYYAN-EXCLUSION-REASONS: background article,wrong study design"
17924216,Pulmonary cement embolism: a complication of percutaneous vertebroplasty.,2007,1,1,"Acta radiologica (Stockholm, Sweden : 1987)",1600-0455,48,8,854-9,"Duran, C and Sirvanci, M and Aydoğan, M and Ozturk, E and Ozturk, C and Akman, C",https://www.ncbi.nlm.nih.gov/pubmed/17924216,eng,,,," RAYYAN-INCLUSION: {""Pavel""=>false, ""Наташа ""=>false} | RAYYAN-EXCLUSION-REASONS: wrong study design"
15981722,"Percutaneous vertebroplasty: indications, contraindications, technique, and complications.",2005,1,1,"Acta radiologica (Stockholm, Sweden : 1987)",1600-0455,46,3,256-68,"Guglielmi, G and Andreula, C and Muto, M and Gilula, L A",https://www.ncbi.nlm.nih.gov/pubmed/15981722,eng,,,," RAYYAN-INCLUSION: {""Pavel""=>false, ""Наташа ""=>false} | RAYYAN-EXCLUSION-REASONS: background article,wrong study design"
30236639,"30-day adverse outcomes, re-admissions and mortality following vertebroplasty/kyphoplasty.",2018,1,1,Clinical neurology and neurosurgery,1872-6968,174,,129-133,"Choo, Stephanie and Malik, Azeem Tariq and Jain, Nikhil and Yu, Elizabeth and Kim, Jeffery and Khan, Safdar N",https://www.ncbi.nlm.nih.gov/pubmed/30236639,eng,,,," RAYYAN-INCLUSION: {""Pavel""=>true, ""Наташа ""=>false} | RAYYAN-EXCLUSION-REASONS: wrong study design"
29422089,Cement pulmonary embolism as a complication of percutaneous vertebroplasty in cancer patients.,2018,1,8,Cancer imaging : the official publication of the International Cancer Imaging Society,1470-7330,18,1,5,"Mansour, Asem and Abdel-Razeq, Nayef and Abuali, Hussein and Makoseh, Mohammad and Shaikh-Salem, Nouran and Abushalha, Kamelah and Salah, Samer",https://www.ncbi.nlm.nih.gov/pubmed/29422089,eng,,,," RAYYAN-INCLUSION: {""Pavel""=>false, ""Наташа ""=>false} | RAYYAN-EXCLUSION-REASONS: wrong study design"
28841944,A Rare Complication of Percutaneous Transoral Vertebroplasty at C2: Cement Leakage within the Vertebral Artery.,2017,9,1,Journal of vascular and interventional radiology : JVIR,1535-7732,28,9,1302-1304,"Beji, Hedi and Menassel, Badis and Sadoune, Karima and Mavrovi, Erti and Pilleul, Frank and Mastier, Charles",https://www.ncbi.nlm.nih.gov/pubmed/28841944,eng,,,," RAYYAN-INCLUSION: {""Pavel""=>true, ""Наташа ""=>false} | RAYYAN-EXCLUSION-REASONS: background article"
28405848,"Expert's comment concerning Grand Rounds case entitled ""Intracardiac bone cement embolism as a complication of vertebroplasty: management strategy"" by Hatzantonis C, Czyz M, Pyzik R, Boszczyk BM. (Eur Spine J; 2016. doi:10.1007/s00586-016-4695-x).",2017,12,1,"European spine journal : official publication of the European Spine Society, the European Spinal Deformity Society, and the European Section of the Cervical Spine Research Society",1432-0932,26,12,3206-3208,"Henderson, Robert",https://www.ncbi.nlm.nih.gov/pubmed/28405848,eng,,,," RAYYAN-INCLUSION: {""Pavel""=>false, ""Наташа ""=>false} | RAYYAN-EXCLUSION-REASONS: background article"
28236870,Neuraxial anesthesia after local anesthesia for management of percutaneous vertebroplasty complication during vertebroplasty.,2017,1,1,Brazilian journal of anesthesiology (Elsevier),0104-0014,67,2,205-209,"Balkarlı, Hüseyin and Kılıç, Mesut and Öztürk, İbrahim",https://www.ncbi.nlm.nih.gov/pubmed/28236870,eng,,,," RAYYAN-INCLUSION: {""Pavel""=>false, ""Наташа ""=>false} | RAYYAN-EXCLUSION-REASONS: background article,wrong drug"
27637996,[Neuraxial anesthesia after local anesthesia for management of percutaneous vertebroplasty complication during vertebroplasty].,2017,1,1,Revista brasileira de anestesiologia,1806-907X,67,2,205-209,"Balkarlı, Hüseyin and Kılıç, Mesut and Öztürk, İbrahim",https://www.ncbi.nlm.nih.gov/pubmed/27637996,por,,,," RAYYAN-INCLUSION: {""Pavel""=>false, ""Наташа ""=>false} | RAYYAN-EXCLUSION-REASONS: background article,wrong drug"
27630477,Vertebral augmentation by kyphoplasty and vertebroplasty: 8 years experience outcomes and complications.,2016,1,1,Journal of craniovertebral junction & spine,0976-9285,7,3,153-60,"Yaltirik, Kaan and Ashour, Ahmed M and Reis, Conner R and Özdoğan, Selçuk and Atalay, Başar",https://www.ncbi.nlm.nih.gov/pubmed/27630477,eng,,,," RAYYAN-INCLUSION: {""Pavel""=>false, ""Наташа ""=>false} | RAYYAN-EXCLUSION-REASONS: wrong study design"
27535287,Intracardiac bone cement embolism as a complication of vertebroplasty: management strategy.,2017,12,1,"European spine journal : official publication of the European Spine Society, the European Spinal Deformity Society, and the European Section of the Cervical Spine Research Society",1432-0932,26,12,3199-3205,"Hatzantonis, Catherine and Czyz, Marcin and Pyzik, Renata and Boszczyk, Bronek M",https://www.ncbi.nlm.nih.gov/pubmed/27535287,eng,,,," RAYYAN-INCLUSION: {""Pavel""=>false, ""Наташа ""=>false} | RAYYAN-EXCLUSION-REASONS: background article,wrong study design"
27310966,Complications of percutaneous vertebroplasty: An analysis of 1100 procedures performed in 616 patients.,2016,1,1,Medicine,,95,24,e3850,"Saracen, Agnieszka and Kotwica, Zbigniew",https://www.ncbi.nlm.nih.gov/pubmed/27310966,eng,,,," RAYYAN-INCLUSION: {""Pavel""=>false, ""Наташа ""=>false} | RAYYAN-EXCLUSION-REASONS: wrong study design,wrong drug"
27236397,Pulmonary arterial cement embolization: arare complication of vertebroplasty.,2016,1,1,Annals of Saudi medicine,0975-4466,36,3,232-3,"Ajlan, Amr Mohammad",https://www.ncbi.nlm.nih.gov/pubmed/27236397,eng,,,," RAYYAN-INCLUSION: {""Pavel""=>true, ""Наташа ""=>false} | RAYYAN-EXCLUSION-REASONS: background article"
25668922,Polymethylmethacrylate pulmonary embolism as a complication of percutaneous vertebroplasty in cancer patients.,2014,1,1,The Journal of the Arkansas Medical Society,0004-1858,111,7,140-2,"Milojkovic, Natasa and Homsi, Samer",https://www.ncbi.nlm.nih.gov/pubmed/25668922,eng,,,," RAYYAN-INCLUSION: {""Pavel""=>false, ""Наташа ""=>false} | RAYYAN-EXCLUSION-REASONS: background article,wrong study design"
25637467,Delayed complication of vertebroplasty: intradural penetration of previous PMMA leakage after trauma.,2015,1,1,The spine journal : official journal of the North American Spine Society,1878-1632,15,5,1146-9,"Kim, Sang-Mok and Kim, Jin-Uk and Lim, Jae Hyeon and Jang, Jee-Soo and Jang, Il Tae",https://www.ncbi.nlm.nih.gov/pubmed/25637467,eng,,,," RAYYAN-INCLUSION: {""Pavel""=>true, ""Наташа ""=>false} | RAYYAN-EXCLUSION-REASONS: background article"
24757469,Tuberculous spondylitis after percutaneous vertebroplasty: misdiagnosis or complication?,2013,1,1,Korean Journal of Spine,1738-2262,10,2,97-100,"Kang, Jung Hoon and Kim, Hyun-Sook and Kim, Seok Won",https://www.ncbi.nlm.nih.gov/pubmed/24757469,eng,,,," RAYYAN-INCLUSION: {""Pavel""=>false, ""Наташа ""=>false} | RAYYAN-EXCLUSION-REASONS: background article,wrong study design"
24575417,Adverse prognostic factors and optimal intervention time for kyphoplasty/vertebroplasty in osteoporotic fractures.,2014,1,1,BioMed research international,2314-6141,2014,,925683,"Papanastassiou, Ioannis D and Filis, Andreas and Aghayev, Kamran and Kokkalis, Zinon T and Gerochristou, Maria A and Vrionis, Frank D",https://www.ncbi.nlm.nih.gov/pubmed/24575417,eng,,,," RAYYAN-INCLUSION: {""Pavel""=>true, ""Наташа ""=>false} | RAYYAN-EXCLUSION-REASONS: wrong study design"
24280338,"Regarding ""intra-arterial injection of acrylic cement as a complication of percutaneous vertebroplasty"".",2013,1,1,Journal of vascular surgery,1097-6809,58,6,1744,"Kakisis, John D and Soultanis, Konstantinos",https://www.ncbi.nlm.nih.gov/pubmed/24280338,eng,,,," RAYYAN-INCLUSION: {""Pavel""=>true, ""Наташа ""=>false} | RAYYAN-EXCLUSION-REASONS: background article"
23795451,[Percutaneous vertebroplasty complications].,2013,1,1,Zhongguo gu shang = China journal of orthopaedics and traumatology,1003-0034,26,3,257-60,"Zhang, Gong-Lin and Ge, Bao-Feng",https://www.ncbi.nlm.nih.gov/pubmed/23795451,chi,,,," RAYYAN-INCLUSION: {""Pavel""=>false, ""Наташа ""=>false} | RAYYAN-EXCLUSION-REASONS: background article,wrong study design"
23526735,Intracardiac foreign body caused by cement leakage as a late complication of percutaneous vertebroplasty.,2013,1,1,The Korean journal of internal medicine,,28,2,247-50,"Kim, Hyun-Tae and Kim, Yoon-Nyun and Shin, Hong-Won and Kim, In-Cheol and Kim, Hyungseop and Park, Nam-Hee and Choi, Sae-Young",https://www.ncbi.nlm.nih.gov/pubmed/23526735,eng,,,," RAYYAN-INCLUSION: {""Pavel""=>true, ""Наташа ""=>false} | RAYYAN-EXCLUSION-REASONS: background article"
27927429,Preliminary Results of the Effect of Prophylactic Vertebroplasty on the Incidence of Proximal Junctional Complications After Posterior Spinal Fusion to the Low Thoracic Spine.,2013,1,1,Spine deformity,2212-1358,1,2,132-138,"Martin, Christopher T and Skolasky, Richard L and Mohamed, Ahmed S and Kebaish, Khaled M",https://www.ncbi.nlm.nih.gov/pubmed/27927429,eng,,,," RAYYAN-INCLUSION: {""Pavel""=>false, ""Наташа ""=>false} | RAYYAN-EXCLUSION-REASONS: wrong population,wrong study design"
23326986,Complications in vertebroplasty.,2012,1,1,Journal of the Medical Association of Thailand = Chotmaihet thangphaet,,95,,S75-81,"Chotivichit, Areesak and Korwutthikulrangsri, Ekkapoj and Churojana, Anchalee and Songsaeng, Dittapong",https://www.ncbi.nlm.nih.gov/pubmed/23326986,eng,,,," RAYYAN-INCLUSION: {""Pavel""=>false, ""Наташа ""=>false} | RAYYAN-EXCLUSION-REASONS: wrong study design"
23263480,Pulmonary embolism associated with poly(methyl methacrylate) (PMMA) after vertebroplasty. A complication more often than one thinks.,2013,1,1,Acta neurochirurgica,0942-0940,155,2,319-20,"Petridis, Athanasios K and Maslehaty, Homajoun and Eichenhofer, Thomas and Gillner, Sebastian and Scholz, Martin",https://www.ncbi.nlm.nih.gov/pubmed/23263480,eng,,,," RAYYAN-INCLUSION: {""Pavel""=>true, ""Наташа ""=>false} | RAYYAN-EXCLUSION-REASONS: background article"
23019785,Complications of vertebroplasty and kyphoplasty in the treatment of vertebral fractures: results of a questionnaire study.,2012,1,1,Acta orthopaedica Belgica,0001-6462,78,4,512-8,"Zarghooni, Kourosh and Siewe, Jan and Kaulhausen, Thomas and Sobottke, Rolf and Eysel, Peer and Röllinghoff, Marc",https://www.ncbi.nlm.nih.gov/pubmed/23019785,eng,,,," RAYYAN-INCLUSION: {""Pavel""=>true, ""Наташа ""=>false} | RAYYAN-EXCLUSION-REASONS: wrong study design"
22958778,Cement embolization of a segmental artery after percutaneous vertebroplasty: a potentially catastrophic vascular complication.,2012,1,1,"Interventional neuroradiology : journal of peritherapeutic neuroradiology, surgical procedures and related neurosciences",1591-0199,18,3,358-62,"Matouk, C C and Krings, T and Ter Brugge, K G and Smith, R",https://www.ncbi.nlm.nih.gov/pubmed/22958778,eng,,,," RAYYAN-INCLUSION: {""Pavel""=>false, ""Наташа ""=>false} | RAYYAN-EXCLUSION-REASONS: background article,wrong study design"
22818832,Intra-arterial injection of acrylic cement as a complication of percutaneous vertebroplasty.,2012,1,1,Journal of vascular surgery,1097-6809,56,4,1107-9,"Mozaffar, Mohammad and Radpay, Mohammad Reza and Zirakzadeh, Hatef and Nabavizadeh, Pooneh and Sobhiye, Mohammad Reza and Motiei Langroudi, Rouzbeh",https://www.ncbi.nlm.nih.gov/pubmed/22818832,eng,,,," RAYYAN-INCLUSION: {""Pavel""=>false, ""Наташа ""=>false} | RAYYAN-EXCLUSION-REASONS: background article,wrong study design"
22286549,"CT fluoroscopy-guided percutaneous vertebroplasty in spinal malignancy: technical results, PMMA leakages, and complications in 202 patients.",2012,1,1,Skeletal radiology,1432-2161,41,11,1391-400,"Trumm, Christoph G and Pahl, Anne and Helmberger, Thomas K and Jakobs, Tobias F and Zech, Christoph J and Stahl, Robert and Paprottka, Philipp M and Sandner, Torleif A and Reiser, Maximilian F and Hoffmann, Ralf-Thorsten",https://www.ncbi.nlm.nih.gov/pubmed/22286549,eng,,,," RAYYAN-INCLUSION: {""Pavel""=>false, ""Наташа ""=>false} | RAYYAN-EXCLUSION-REASONS: wrong study design"
22091375,"Current perspectives on percutaneous vertebroplasty: current evidence/controversies, patient selection and assessment, and technique and complications.",2011,1,1,Radiology research and practice,2090-195X,2011,,175079,"Nairn, Robert James and Binkhamis, Shagran and Sheikh, Adnan",https://www.ncbi.nlm.nih.gov/pubmed/22091375,eng,,,," RAYYAN-INCLUSION: {""Pavel""=>false, ""Наташа ""=>false} | RAYYAN-EXCLUSION-REASONS: background article,wrong study design"
21623061,Percutaneous vertebroplasty complications.,2011,1,1,Annals of Saudi medicine,0975-4466,31,3,294-7,"Al-Nakshabandi, Nizar A",https://www.ncbi.nlm.nih.gov/pubmed/21623061,eng,,,," RAYYAN-INCLUSION: {""Pavel""=>false, ""Наташа ""=>false} | RAYYAN-EXCLUSION-REASONS: background article,wrong study design"
21214310,Lumbar artery pseudoaneurysm after percutaneous vertebroplasty: a unique vascular complication.,2011,1,1,Journal of neurosurgery. Spine,1547-5646,14,2,296-9,"Puri, Ajit S and Colen, Rivka R and Reddy, Arra S and Groff, Michael W and DiNobile, Diane and Killoran, Timothy and Nikolic, Boris and Thomas, Ajith J",https://www.ncbi.nlm.nih.gov/pubmed/21214310,eng,,,," RAYYAN-INCLUSION: {""Pavel""=>false, ""Наташа ""=>false} | RAYYAN-EXCLUSION-REASONS: background article,wrong study design"
21059333,[Pulmonary polymethylmetacrylate embolism: a rare complication of percutaneous vertebroplasty].,2010,1,1,Acta chirurgiae orthopaedicae et traumatologiae Cechoslovaca,0001-5415,77,4,337-40,"Nesnídal, P and Stulík, J and Sebesta, P",https://www.ncbi.nlm.nih.gov/pubmed/21059333,cze,,,," RAYYAN-INCLUSION: {""Pavel""=>false, ""Наташа ""=>false} | RAYYAN-EXCLUSION-REASONS: background article,wrong study design"
20019023,A sword-like foreign body lodged in the ventricular septum: a rare complication of percutaneous vertebroplasty.,2010,1,1,European heart journal,,31,8,1006,"Kim, Mi-Na and Jung, Jae-Seung and Kim, Sun-Won and Kim, Yong-Hyun and Park, Seong-Mi and Shim, Wan-Joo",https://www.ncbi.nlm.nih.gov/pubmed/20019023,eng,,,," RAYYAN-INCLUSION: {""Pavel""=>true, ""Наташа ""=>false} | RAYYAN-EXCLUSION-REASONS: background article"
19929366,The major complications of transpedicular vertebroplasty.,2009,1,1,Journal of neurosurgery. Spine,1547-5646,11,5,607-13,"Cosar, Murat and Sasani, Mehdi and Oktenoglu, Tunc and Kaner, Tuncay and Ercelen, Omur and Kose, K Cagri and Ozer, A Fahir",https://www.ncbi.nlm.nih.gov/pubmed/19929366,eng,,,," RAYYAN-INCLUSION: {""Pavel""=>false, ""Наташа ""=>false} | RAYYAN-EXCLUSION-REASONS: wrong study design"
19918442,Late onset sciatalgia as a rare complication of percutaneous vertebroplasty; a case report.,2009,1,25,Cases journal,1757-1626,2,,7960,"Omidi-Kashani, Farzad and Ebrahimzadeh, Mohamadhosein and Peivandy, Mohamadtaghi",https://www.ncbi.nlm.nih.gov/pubmed/19918442,eng,,,," RAYYAN-INCLUSION: {""Pavel""=>false, ""Наташа ""=>false} | RAYYAN-EXCLUSION-REASONS: background article,wrong study design"
19902766,[Analysis of the complication and prevention on treatment of osteoporotic vertebral compressive fractures by percutaneous vertebroplasty (PVP)].,2009,1,1,Zhongguo gu shang = China journal of orthopaedics and traumatology,1003-0034,22,10,783-4,"Wang, Heng-long and Jiang, Zhen-guo and Wang, Zhi-gang and Zhu, Jian and Zhao, Hong-tao",https://www.ncbi.nlm.nih.gov/pubmed/19902766,chi,,,," RAYYAN-INCLUSION: {""Pavel""=>false, ""Наташа ""=>false} | RAYYAN-EXCLUSION-REASONS: wrong study design"
19609425,Nonaneurysmal subarachnoid hemorrhage : rare complication of vertebroplasty.,2009,1,1,Journal of Korean Neurosurgical Society,2005-3711,45,6,386-9,"Lim, Jae Bum and Park, Joung Soo and Kim, Ealmaan",https://www.ncbi.nlm.nih.gov/pubmed/19609425,eng,,,," RAYYAN-INCLUSION: {""Pavel""=>false, ""Наташа ""=>false} | RAYYAN-EXCLUSION-REASONS: background article,wrong study design"
19537313,Vertebroplasty and adverse effects of cement. Cement used for vertebroplasty can be harmful if it leaks outside treated vertebrae.,2008,1,1,Prescrire international,,17,97,205,"",https://www.ncbi.nlm.nih.gov/pubmed/19537313,eng,,,," RAYYAN-INCLUSION: {""Pavel""=>true, ""Наташа ""=>false} | RAYYAN-EXCLUSION-REASONS: background article"
19176564,Right ventricular acrylic cement embolism: late complication of percutaneous vertebroplasty.,2009,1,1,Heart (British Cardiac Society),,95,4,275,"Braiteh, F and Row, M",https://www.ncbi.nlm.nih.gov/pubmed/19176564,eng,,,," RAYYAN-INCLUSION: {""Pavel""=>true, ""Наташа ""=>false} | RAYYAN-EXCLUSION-REASONS: background article"
19108415,"[Study on indication, contraindication and complication of percutaneous vertebroplasty and kyphoplasty].",2008,1,1,Zhongguo gu shang = China journal of orthopaedics and traumatology,1003-0034,21,6,403-4,"Ruan, Di-Ke",https://www.ncbi.nlm.nih.gov/pubmed/19108415,chi,,,," RAYYAN-INCLUSION: {""Pavel""=>true, ""Наташа ""=>false} | RAYYAN-EXCLUSION-REASONS: background article"
18523783,"CT-guided vertebroplasty: analysis of technical results, extraosseous cement leakages, and complications in 500 procedures.",2008,1,1,European radiology,1432-1084,18,11,2568-78,"Pitton, Michael Bernhard and Herber, Sascha and Koch, Ulrike and Oberholzer, Katja and Drees, Philip and Düber, Christoph",https://www.ncbi.nlm.nih.gov/pubmed/18523783,eng,,,," RAYYAN-INCLUSION: {""Pavel""=>false, ""Наташа ""=>false} | RAYYAN-EXCLUSION-REASONS: wrong study design"
18449596,A novel approach to treatment of unexpected vertebroplasty complication.,2008,1,1,Cardiovascular and interventional radiology,1432-086X,31,6,1249-51,"Hard, Jonathan M and Gonda, Roger L and Kadakia, Saumil R",https://www.ncbi.nlm.nih.gov/pubmed/18449596,eng,,,," RAYYAN-INCLUSION: {""Pavel""=>false, ""Наташа ""=>false} | RAYYAN-EXCLUSION-REASONS: background article,wrong study design"
19468894,Vertebroplasty and kyphoplasty: a comparative review of efficacy and adverse events.,2008,1,1,Current reviews in musculoskeletal medicine,1935-973X,1,1,17-23,"McCall, Todd and Cole, Chad and Dailey, Andrew",https://www.ncbi.nlm.nih.gov/pubmed/19468894,eng,,,," RAYYAN-INCLUSION: {""Pavel""=>false, ""Наташа ""=>false} | RAYYAN-EXCLUSION-REASONS: background article,wrong drug"
18249556,Cardiac perforation and tricuspid regurgitation as a complication of percutaneous vertebroplasty.,2008,1,1,European journal of cardio-thoracic surgery : official journal of the European Association for Cardio-thoracic Surgery,1873-734X,33,3,508-9,"Son, Kuk Hui and Chung, Jae Ho and Sun, Kyung and Son, Ho Sung",https://www.ncbi.nlm.nih.gov/pubmed/18249556,eng,,,," RAYYAN-INCLUSION: {""Pavel""=>false, ""Наташа ""=>false} | RAYYAN-EXCLUSION-REASONS: background article,wrong study design"
17416821,"Vertebroplasty, first 1000 levels of a single center: evaluation of the outcomes and complications.",2007,1,1,AJNR. American journal of neuroradiology,1936-959X,28,4,683-9,"Layton, K F and Thielen, K R and Koch, C A and Luetmer, P H and Lane, J I and Wald, J T and Kallmes, D F",https://www.ncbi.nlm.nih.gov/pubmed/17416821,eng,,,," RAYYAN-INCLUSION: {""Pavel""=>false, ""Наташа ""=>false} | RAYYAN-EXCLUSION-REASONS: wrong study design"
17377108,An intraatrial thrombus and pulmonary thromboembolism as a late complication of percutaneous vertebroplasty.,2007,1,1,Anesthesia and analgesia,1526-7598,104,4,924-6,"Lim, Kyoung J and Yoon, Seung Z and Jeon, Yun-Seok and Bahk, Jae H and Kim, Chong S and Lee, Jong-Hwan and Ha, Jin Wook",https://www.ncbi.nlm.nih.gov/pubmed/17377108,eng,,,," RAYYAN-INCLUSION: {""Pavel""=>false, ""Наташа ""=>false} | RAYYAN-EXCLUSION-REASONS: background article,wrong study design"
17288828,[The disaster complication of percutaneous vertebroplasty and kyphoplasty: cement leakage and its prevention].,2006,1,21,Zhonghua yi xue za zhi,,86,43,3027-30,"Zheng, Zhao-min",https://www.ncbi.nlm.nih.gov/pubmed/17288828,chi,,,," RAYYAN-INCLUSION: {""Pavel""=>false, ""Наташа ""=>false} | RAYYAN-EXCLUSION-REASONS: foreign language,background article"
17216377,Complications in percutaneous vertebroplasty associated with puncture or cement leakage.,2007,1,1,Cardiovascular and interventional radiology,1432-086X,30,2,161-8,"Baumann, Clemens and Fuchs, Heiko and Kiwit, Jürgen and Westphalen, Kerstin and Hierholzer, Johannes",https://www.ncbi.nlm.nih.gov/pubmed/17216377,eng,,,," RAYYAN-INCLUSION: {""Pavel""=>false, ""Наташа ""=>false} | RAYYAN-EXCLUSION-REASONS: background article,wrong study design"
16997600,Posterior spinal epidural abscess: an unusual complication of vertebroplasty.,2006,1,1,"Joint, bone, spine : revue du rhumatisme",1778-7254,73,6,753-5,"Söyüncü, Yetkin and Ozdemir, Hakan and Söyüncü, Seçgin and Bigat, Zekiye and Gür, Semih",https://www.ncbi.nlm.nih.gov/pubmed/16997600,eng,,,," RAYYAN-INCLUSION: {""Pavel""=>false, ""Наташа ""=>false} | RAYYAN-EXCLUSION-REASONS: background article,wrong study design"
16985448,Infected vertebroplasty due to uncommon bacteria solved surgically: a rare and threatening life complication of a common procedure: report of a case and a review of the literature.,2006,1,15,Spine,,31,20,E770-3,"Alfonso Olmos, Matias and Silva González, Alvaro and Duart Clemente, Julio and Villas Tomé, Carlos",https://www.ncbi.nlm.nih.gov/pubmed/16985448,eng,,,," RAYYAN-INCLUSION: {""Pavel""=>false, ""Наташа ""=>false} | RAYYAN-EXCLUSION-REASONS: background article,wrong study design"
16913174,[Complication after vertebroplasty in patient with senile osteoporosis: strategical therapy to revise?].,2006,1,1,Recenti progressi in medicina,0034-1193,97,7,389-92,"Minenna, Giovanna and D'Amore, Simona and D'Amore, Massimo",https://www.ncbi.nlm.nih.gov/pubmed/16913174,ita,,,," RAYYAN-INCLUSION: {""Pavel""=>false, ""Наташа ""=>false} | RAYYAN-EXCLUSION-REASONS: background article,wrong study design"
16703497,[CT-guided vertebroplasty and kyphoplasty: comparing technical success rate and complications in 101 cases].,2006,1,1,RoFo : Fortschritte auf dem Gebiete der Rontgenstrahlen und der Nuklearmedizin,1438-9010,178,6,610-7,"Weber, C H and Krötz, M and Hoffmann, R-T and Euler, E and Heining, S and Pfeifer, K-J and Reiser, M and Linsenmaier, U",https://www.ncbi.nlm.nih.gov/pubmed/16703497,ger,,,," RAYYAN-INCLUSION: {""Pavel""=>false, ""Наташа ""=>false} | RAYYAN-EXCLUSION-REASONS: wrong study design,wrong drug"
16373777,Percutaneous vertebroplasty for spinal metastases: complications.,2006,1,1,Radiology,,238,1,354-62,"Barragán-Campos, Héctor Manuel and Vallée, Jean-Noël and Lo, Daouda and Cormier, Evelyne and Jean, Beatrix and Rose, Michèle and Astagneau, Pascal and Chiras, Jacques",https://www.ncbi.nlm.nih.gov/pubmed/16373777,eng,,,," RAYYAN-INCLUSION: {""Pavel""=>false, ""Наташа ""=>false} | RAYYAN-EXCLUSION-REASONS: wrong study design"
16247143,Cardiac perforation caused by acrylic cement: a rare complication of percutaneous vertebroplasty.,2005,1,1,AJR. American journal of roentgenology,1546-3141,185,5,1245-7,"Kim, So Yeon and Seo, Joon Beom and Do, Kyung-Hyun and Lee, Jin Seong and Song, Koun-Sik and Lim, Tae-Hwan",https://www.ncbi.nlm.nih.gov/pubmed/16247143,eng,,,," RAYYAN-INCLUSION: {""Pavel""=>true, ""Наташа ""=>false} | RAYYAN-EXCLUSION-REASONS: background article"
16215706,Radicular pain after vertebroplasty: complication and prevention.,2005,1,1,Skeletal radiology,1432-2161,34,12,816,"Kelekis, Alexis D and Martin, Jean-Baptiste",https://www.ncbi.nlm.nih.gov/pubmed/16215706,eng,,,," RAYYAN-INCLUSION: {""Pavel""=>true, ""Наташа ""=>false} | RAYYAN-EXCLUSION-REASONS: background article"
16200048,Treatment of painful compression vertebral fractures with vertebroplasty: results and complications.,2005,1,1,La Radiologia medica,1826-6983,110,3,262-72,"Anselmetti, Giovanni Carlo and Corgnier, Andrea and Debernardi, Felicino and Regge, Daniele",https://www.ncbi.nlm.nih.gov/pubmed/16200048,engita,,,," RAYYAN-INCLUSION: {""Pavel""=>false, ""Наташа ""=>false} | RAYYAN-EXCLUSION-REASONS: wrong study design"
15771392,Vertebroplasty and kyphoplasty: techniques for avoiding complications and pitfalls.,2005,1,15,Neurosurgical focus,1092-0684,18,3,e2,"Wong, Wade and Mathis, John M",https://www.ncbi.nlm.nih.gov/pubmed/15771392,eng,,,," RAYYAN-INCLUSION: {""Pavel""=>false, ""Наташа ""=>false} | RAYYAN-EXCLUSION-REASONS: background article,wrong study design"
15525736,A review of complications associated with vertebroplasty and kyphoplasty as reported to the Food and Drug Administration medical device related web site.,2004,1,1,Journal of vascular and interventional radiology : JVIR,1535-7732,15,11,1185-92,"Nussbaum, David A and Gailloud, Philippe and Murphy, Kieran",https://www.ncbi.nlm.nih.gov/pubmed/15525736,eng,,,," RAYYAN-INCLUSION: {""Pavel""=>true, ""Наташа ""=>false} | RAYYAN-EXCLUSION-REASONS: wrong study design"
15205925,Complications of percutaneous vertebroplasty and their prevention.,2004,1,1,Skeletal radiology,1432-2161,33,9,493-505,"Laredo, J D and Hamze, B",https://www.ncbi.nlm.nih.gov/pubmed/15205925,eng,,,," RAYYAN-INCLUSION: {""Pavel""=>false, ""Наташа ""=>false} | RAYYAN-EXCLUSION-REASONS: background article,wrong study design"
14588371,Vertebroplasty: techniques to avoid complications.,2001,1,1,The spine journal : official journal of the North American Spine Society,1878-1632,1,1,66-71,"Moreland, D B and Landi, M K and Grand, W",https://www.ncbi.nlm.nih.gov/pubmed/14588371,eng,,,," RAYYAN-INCLUSION: {""Pavel""=>false, ""Наташа ""=>false} | RAYYAN-EXCLUSION-REASONS: wrong study design"
13679295,Percutaneous vertebroplasty: complication avoidance and technique optimization.,2003,1,1,AJNR. American journal of neuroradiology,1936-959X,24,8,1697-706,"Mathis, John M",https://www.ncbi.nlm.nih.gov/pubmed/13679295,eng,,,," RAYYAN-INCLUSION: {""Pavel""=>true, ""Наташа ""=>false} | RAYYAN-EXCLUSION-REASONS: background article"
12865836,Pressurization of vertebral bodies during vertebroplasty causes cardiovascular complications: an experimental study in sheep.,2003,1,15,Spine,,28,14,1513-9; discussion 1519-20,"Aebli, Nikolaus and Krebs, Jörg and Schwenke, Daryl and Davis, Gerard and Theis, Jean-Claude",https://www.ncbi.nlm.nih.gov/pubmed/12865836,eng,,,," RAYYAN-INCLUSION: {""Pavel""=>false, ""Наташа ""=>false} | RAYYAN-EXCLUSION-REASONS: wrong population,wrong study design"
12480681,Asymptomatic diffuse pulmonary embolism caused by acrylic cement: an unusual complication of percutaneous vertebroplasty.,2003,1,1,Annals of the rheumatic diseases,0003-4967,62,1,85-6,"Bernhard, J and Heini, P F and Villiger, P M",https://www.ncbi.nlm.nih.gov/pubmed/12480681,eng,,,," RAYYAN-INCLUSION: {""Pavel""=>true, ""Наташа ""=>false} | RAYYAN-EXCLUSION-REASONS: background article"
12394938,Paraplegia as a complication of percutaneous vertebroplasty with polymethylmethacrylate: a case report.,2002,1,1,Spine,,27,19,E419-22,"Lee, Bong-Jin and Lee, Sung-Rak and Yoo, Tae-Yeul",https://www.ncbi.nlm.nih.gov/pubmed/12394938,eng,,,," RAYYAN-INCLUSION: {""Pavel""=>false, ""Наташа ""=>false} | RAYYAN-EXCLUSION-REASONS: background article,wrong study design"
11451978,Major neurological complications following percutaneous vertebroplasty with polymethylmethacrylate : a case report.,2001,1,1,The Journal of bone and joint surgery. American volume,1535-1386,83,7,1070-3,"Harrington, K D",https://www.ncbi.nlm.nih.gov/pubmed/11451978,eng,,,," RAYYAN-INCLUSION: {""Pavel""=>false, ""Наташа ""=>false} | RAYYAN-EXCLUSION-REASONS: background article"
10219399,Pulmonary embolism caused by acrylic cement: a rare complication of percutaneous vertebroplasty.,1999,1,1,AJNR. American journal of neuroradiology,1936-959X,20,3,375-7,"Padovani, B and Kasriel, O and Brunner, P and Peretti-Viton, P",https://www.ncbi.nlm.nih.gov/pubmed/10219399,eng,,,," RAYYAN-INCLUSION: {""Pavel""=>false, ""Наташа ""=>false} | RAYYAN-EXCLUSION-REASONS: background article,wrong study design"
